size,rule,makespan_gap_pct,tardiness_ratio
6x6,FIFO,19.573672307144665,5.875706214689266
6x6,SPT,15.219879752878295,3.2655367231638417
6x6,EDD,21.962103961066248,2.9491525423728815
6x6,MWKR,12.555770556081988,6.966101694915254
6x6,CR,19.745823047168194,4.248587570621469
6x6,RANDOM,18.85682162209263,5.016949152542373
10x5,FIFO,11.714486011659138,2.136850456168187
10x5,SPT,18.549212941516203,1.3276477588258628
10x5,EDD,30.151268090027493,1.4922649742165808
10x5,MWKR,8.453135571557155,2.388337961126537
10x5,CR,21.963521597135145,1.6743355811186038
10x5,RANDOM,16.08483937721067,1.9595398651328837
10x10,FIFO,18.294594987096293,11.694736842105263
10x10,SPT,22.295258089242033,6.978947368421053
10x10,EDD,34.46866492591536,8.594736842105263
10x10,MWKR,16.97286784053412,17.00526315789474
10x10,CR,22.32639268324937,9.610526315789473
10x10,RANDOM,23.559514939817124,12.368421052631579
