size,instance,rule,makespan,total_tardiness,cp_makespan,cp_makespan_bound,cp_makespan_optimal,cp_tardiness,cp_tardiness_bound,cp_tardiness_optimal
6x6,0,FIFO,104,58,93.0,93.0,True,5.0,5.0,True
6x6,0,SPT,106,26,93.0,93.0,True,5.0,5.0,True
6x6,0,EDD,111,18,93.0,93.0,True,5.0,5.0,True
6x6,0,MWKR,99,63,93.0,93.0,True,5.0,5.0,True
6x6,0,CR,117,55,93.0,93.0,True,5.0,5.0,True
6x6,0,RANDOM,102,54,93.0,93.0,True,5.0,5.0,True
6x6,1,FIFO,122,65,109.0,109.0,True,0.0,0.0,True
6x6,1,SPT,116,4,109.0,109.0,True,0.0,0.0,True
6x6,1,EDD,138,8,109.0,109.0,True,0.0,0.0,True
6x6,1,MWKR,117,57,109.0,109.0,True,0.0,0.0,True
6x6,1,CR,130,24,109.0,109.0,True,0.0,0.0,True
6x6,1,RANDOM,113,66,109.0,109.0,True,0.0,0.0,True
6x6,2,FIFO,149,70,120.0,120.0,True,4.0,4.0,True
6x6,2,SPT,155,34,120.0,120.0,True,4.0,4.0,True
6x6,2,EDD,162,38,120.0,120.0,True,4.0,4.0,True
6x6,2,MWKR,134,37,120.0,120.0,True,4.0,4.0,True
6x6,2,CR,136,46,120.0,120.0,True,4.0,4.0,True
6x6,2,RANDOM,156,47,120.0,120.0,True,4.0,4.0,True
6x6,3,FIFO,117,46,108.0,108.0,True,30.0,30.0,True
6x6,3,SPT,128,51,108.0,108.0,True,30.0,30.0,True
6x6,3,EDD,125,44,108.0,108.0,True,30.0,30.0,True
6x6,3,MWKR,112,84,108.0,108.0,True,30.0,30.0,True
6x6,3,CR,124,40,108.0,108.0,True,30.0,30.0,True
6x6,3,RANDOM,120,61,108.0,108.0,True,30.0,30.0,True
6x6,4,FIFO,122,36,95.0,95.0,True,3.0,3.0,True
6x6,4,SPT,96,4,95.0,95.0,True,3.0,3.0,True
6x6,4,EDD,114,20,95.0,95.0,True,3.0,3.0,True
6x6,4,MWKR,109,26,95.0,95.0,True,3.0,3.0,True
6x6,4,CR,102,10,95.0,95.0,True,3.0,3.0,True
6x6,4,RANDOM,131,79,95.0,95.0,True,3.0,3.0,True
6x6,5,FIFO,158,0,120.0,120.0,True,0.0,0.0,True
6x6,5,SPT,129,26,120.0,120.0,True,0.0,0.0,True
6x6,5,EDD,158,0,120.0,120.0,True,0.0,0.0,True
6x6,5,MWKR,129,64,120.0,120.0,True,0.0,0.0,True
6x6,5,CR,154,19,120.0,120.0,True,0.0,0.0,True
6x6,5,RANDOM,133,59,120.0,120.0,True,0.0,0.0,True
6x6,6,FIFO,145,154,130.0,130.0,True,18.0,18.0,True
6x6,6,SPT,153,43,130.0,130.0,True,18.0,18.0,True
6x6,6,EDD,150,21,130.0,130.0,True,18.0,18.0,True
6x6,6,MWKR,141,165,130.0,130.0,True,18.0,18.0,True
6x6,6,CR,154,102,130.0,130.0,True,18.0,18.0,True
6x6,6,RANDOM,139,41,130.0,130.0,True,18.0,18.0,True
6x6,7,FIFO,116,49,106.0,106.0,True,9.0,9.0,True
6x6,7,SPT,116,44,106.0,106.0,True,9.0,9.0,True
6x6,7,EDD,122,45,106.0,106.0,True,9.0,9.0,True
6x6,7,MWKR,135,134,106.0,106.0,True,9.0,9.0,True
6x6,7,CR,122,49,106.0,106.0,True,9.0,9.0,True
6x6,7,RANDOM,117,34,106.0,106.0,True,9.0,9.0,True
6x6,8,FIFO,147,137,118.0,118.0,True,21.0,21.0,True
6x6,8,SPT,145,37,118.0,118.0,True,21.0,21.0,True
6x6,8,EDD,147,48,118.0,118.0,True,21.0,21.0,True
6x6,8,MWKR,138,117,118.0,118.0,True,21.0,21.0,True
6x6,8,CR,144,88,118.0,118.0,True,21.0,21.0,True
6x6,8,RANDOM,152,105,118.0,118.0,True,21.0,21.0,True
6x6,9,FIFO,158,61,125.0,125.0,True,33.0,33.0,True
6x6,9,SPT,145,68,125.0,125.0,True,33.0,33.0,True
6x6,9,EDD,160,60,125.0,125.0,True,33.0,33.0,True
6x6,9,MWKR,127,67,125.0,125.0,True,33.0,33.0,True
6x6,9,CR,144,47,125.0,125.0,True,33.0,33.0,True
6x6,9,RANDOM,201,107,125.0,125.0,True,33.0,33.0,True
6x6,10,FIFO,131,48,115.0,115.0,True,12.0,12.0,True
6x6,10,SPT,127,39,115.0,115.0,True,12.0,12.0,True
6x6,10,EDD,127,39,115.0,115.0,True,12.0,12.0,True
6x6,10,MWKR,136,62,115.0,115.0,True,12.0,12.0,True
6x6,10,CR,138,54,115.0,115.0,True,12.0,12.0,True
6x6,10,RANDOM,121,13,115.0,115.0,True,12.0,12.0,True
6x6,11,FIFO,109,38,89.0,89.0,True,2.0,2.0,True
6x6,11,SPT,104,24,89.0,89.0,True,2.0,2.0,True
6x6,11,EDD,117,26,89.0,89.0,True,2.0,2.0,True
6x6,11,MWKR,104,70,89.0,89.0,True,2.0,2.0,True
6x6,11,CR,110,21,89.0,89.0,True,2.0,2.0,True
6x6,11,RANDOM,103,41,89.0,89.0,True,2.0,2.0,True
6x6,12,FIFO,110,41,95.0,95.0,True,0.0,0.0,True
6x6,12,SPT,109,14,95.0,95.0,True,0.0,0.0,True
6x6,12,EDD,99,26,95.0,95.0,True,0.0,0.0,True
6x6,12,MWKR,106,73,95.0,95.0,True,0.0,0.0,True
6x6,12,CR,109,14,95.0,95.0,True,0.0,0.0,True
6x6,12,RANDOM,96,36,95.0,95.0,True,0.0,0.0,True
6x6,13,FIFO,127,76,103.0,103.0,True,22.0,22.0,True
6x6,13,SPT,128,70,103.0,103.0,True,22.0,22.0,True
6x6,13,EDD,144,44,103.0,103.0,True,22.0,22.0,True
6x6,13,MWKR,125,70,103.0,103.0,True,22.0,22.0,True
6x6,13,CR,128,71,103.0,103.0,True,22.0,22.0,True
6x6,13,RANDOM,137,102,103.0,103.0,True,22.0,22.0,True
6x6,14,FIFO,161,161,124.0,124.0,True,18.0,18.0,True
6x6,14,SPT,148,94,124.0,124.0,True,18.0,18.0,True
6x6,14,EDD,139,85,124.0,124.0,True,18.0,18.0,True
6x6,14,MWKR,142,144,124.0,124.0,True,18.0,18.0,True
6x6,14,CR,166,112,124.0,124.0,True,18.0,18.0,True
6x6,14,RANDOM,146,43,124.0,124.0,True,18.0,18.0,True
10x5,0,FIFO,147,390,141.0,141.0,True,178.0,0.0,False
10x5,0,SPT,146,247,141.0,141.0,True,178.0,0.0,False
10x5,0,EDD,159,229,141.0,141.0,True,178.0,0.0,False
10x5,0,MWKR,143,434,141.0,141.0,True,178.0,0.0,False
10x5,0,CR,168,331,141.0,141.0,True,178.0,0.0,False
10x5,0,RANDOM,151,340,141.0,141.0,True,178.0,0.0,False
10x5,1,FIFO,145,455,132.0,132.0,True,229.0,0.0,False
10x5,1,SPT,165,250,132.0,132.0,True,229.0,0.0,False
10x5,1,EDD,149,255,132.0,132.0,True,229.0,0.0,False
10x5,1,MWKR,136,409,132.0,132.0,True,229.0,0.0,False
10x5,1,CR,148,380,132.0,132.0,True,229.0,0.0,False
10x5,1,RANDOM,149,366,132.0,132.0,True,229.0,0.0,False
10x5,2,FIFO,151,346,122.0,122.0,True,143.0,0.0,False
10x5,2,SPT,140,181,122.0,122.0,True,143.0,0.0,False
10x5,2,EDD,174,215,122.0,122.0,True,143.0,0.0,False
10x5,2,MWKR,147,502,122.0,122.0,True,143.0,0.0,False
10x5,2,CR,167,271,122.0,122.0,True,143.0,0.0,False
10x5,2,RANDOM,149,361,122.0,122.0,True,143.0,0.0,False
10x5,3,FIFO,138,339,108.0,108.0,True,174.0,0.0,False
10x5,3,SPT,118,225,108.0,108.0,True,174.0,0.0,False
10x5,3,EDD,149,276,108.0,108.0,True,174.0,0.0,False
10x5,3,MWKR,127,354,108.0,108.0,True,174.0,0.0,False
10x5,3,CR,141,277,108.0,108.0,True,174.0,0.0,False
10x5,3,RANDOM,131,322,108.0,108.0,True,174.0,0.0,False
10x5,4,FIFO,138,379,126.0,126.0,True,211.0,0.0,False
10x5,4,SPT,172,235,126.0,126.0,True,211.0,0.0,False
10x5,4,EDD,173,309,126.0,126.0,True,211.0,0.0,False
10x5,4,MWKR,148,374,126.0,126.0,True,211.0,0.0,False
10x5,4,CR,158,316,126.0,126.0,True,211.0,0.0,False
10x5,4,RANDOM,139,371,126.0,126.0,True,211.0,0.0,False
10x5,5,FIFO,155,314,135.0,135.0,True,162.0,0.0,False
10x5,5,SPT,173,202,135.0,135.0,True,162.0,0.0,False
10x5,5,EDD,182,231,135.0,135.0,True,162.0,0.0,False
10x5,5,MWKR,138,382,135.0,135.0,True,162.0,0.0,False
10x5,5,CR,182,224,135.0,135.0,True,162.0,0.0,False
10x5,5,RANDOM,151,335,135.0,135.0,True,162.0,0.0,False
10x5,6,FIFO,152,520,137.0,137.0,True,172.0,0.0,False
10x5,6,SPT,174,281,137.0,137.0,True,172.0,0.0,False
10x5,6,EDD,177,327,137.0,137.0,True,172.0,0.0,False
10x5,6,MWKR,141,482,137.0,137.0,True,172.0,0.0,False
10x5,6,CR,184,365,137.0,137.0,True,172.0,0.0,False
10x5,6,RANDOM,171,423,137.0,137.0,True,172.0,0.0,False
10x5,7,FIFO,128,305,113.0,113.0,True,150.0,0.0,False
10x5,7,SPT,124,157,113.0,113.0,True,150.0,0.0,False
10x5,7,EDD,146,206,113.0,113.0,True,150.0,0.0,False
10x5,7,MWKR,126,381,113.0,113.0,True,150.0,0.0,False
10x5,7,CR,133,270,113.0,113.0,True,150.0,0.0,False
10x5,7,RANDOM,129,283,113.0,113.0,True,150.0,0.0,False
10x5,8,FIFO,159,417,143.0,143.0,True,155.0,0.0,False
10x5,8,SPT,161,264,143.0,143.0,True,155.0,0.0,False
10x5,8,EDD,176,253,143.0,143.0,True,155.0,0.0,False
10x5,8,MWKR,146,402,143.0,143.0,True,155.0,0.0,False
10x5,8,CR,160,245,143.0,143.0,True,155.0,0.0,False
10x5,8,RANDOM,162,341,143.0,143.0,True,155.0,0.0,False
10x5,9,FIFO,150,333,138.0,138.0,True,175.0,0.0,False
10x5,9,SPT,164,200,138.0,138.0,True,175.0,0.0,False
10x5,9,EDD,177,269,138.0,138.0,True,175.0,0.0,False
10x5,9,MWKR,143,404,138.0,138.0,True,175.0,0.0,False
10x5,9,CR,146,279,138.0,138.0,True,175.0,0.0,False
10x5,9,RANDOM,147,358,138.0,138.0,True,175.0,0.0,False
10x5,10,FIFO,130,340,113.0,113.0,True,135.0,0.0,False
10x5,10,SPT,139,197,113.0,113.0,True,135.0,0.0,False
10x5,10,EDD,167,238,113.0,113.0,True,135.0,0.0,False
10x5,10,MWKR,128,385,113.0,113.0,True,135.0,0.0,False
10x5,10,CR,148,237,113.0,113.0,True,135.0,0.0,False
10x5,10,RANDOM,135,340,113.0,113.0,True,135.0,0.0,False
10x5,11,FIFO,123,290,122.0,122.0,True,166.0,0.0,False
10x5,11,SPT,135,207,122.0,122.0,True,166.0,0.0,False
10x5,11,EDD,143,228,122.0,122.0,True,166.0,0.0,False
10x5,11,MWKR,123,348,122.0,122.0,True,166.0,0.0,False
10x5,11,CR,130,263,122.0,122.0,True,166.0,0.0,False
10x5,11,RANDOM,148,274,122.0,122.0,True,166.0,0.0,False
10x5,12,FIFO,134,351,127.0,127.0,True,211.0,0.0,False
10x5,12,SPT,140,283,127.0,127.0,True,211.0,0.0,False
10x5,12,EDD,156,280,127.0,127.0,True,211.0,0.0,False
10x5,12,MWKR,134,395,127.0,127.0,True,211.0,0.0,False
10x5,12,CR,146,299,127.0,127.0,True,211.0,0.0,False
10x5,12,RANDOM,128,320,127.0,127.0,True,211.0,0.0,False
10x5,13,FIFO,140,343,123.0,123.0,True,154.0,0.0,False
10x5,13,SPT,155,217,123.0,123.0,True,154.0,0.0,False
10x5,13,EDD,165,201,123.0,123.0,True,154.0,0.0,False
10x5,13,MWKR,140,409,123.0,123.0,True,154.0,0.0,False
10x5,13,CR,152,213,123.0,123.0,True,154.0,0.0,False
10x5,13,RANDOM,164,247,123.0,123.0,True,154.0,0.0,False
10x5,14,FIFO,116,265,109.0,109.0,True,106.0,0.0,False
10x5,14,SPT,134,201,109.0,109.0,True,106.0,0.0,False
10x5,14,EDD,155,245,109.0,109.0,True,106.0,0.0,False
10x5,14,MWKR,121,360,109.0,109.0,True,106.0,0.0,False
10x5,14,CR,136,251,109.0,109.0,True,106.0,0.0,False
10x5,14,RANDOM,133,259,109.0,109.0,True,106.0,0.0,False
10x10,0,FIFO,189,224,150.0,150.0,True,13.0,13.0,True
10x10,0,SPT,182,125,150.0,150.0,True,13.0,13.0,True
10x10,0,EDD,207,132,150.0,150.0,True,13.0,13.0,True
10x10,0,MWKR,183,222,150.0,150.0,True,13.0,13.0,True
10x10,0,CR,189,183,150.0,150.0,True,13.0,13.0,True
10x10,0,RANDOM,199,168,150.0,150.0,True,13.0,13.0,True
10x10,1,FIFO,187,56,156.0,156.0,True,0.0,0.0,True
10x10,1,SPT,194,74,156.0,156.0,True,0.0,0.0,True
10x10,1,EDD,203,87,156.0,156.0,True,0.0,0.0,True
10x10,1,MWKR,179,211,156.0,156.0,True,0.0,0.0,True
10x10,1,CR,185,80,156.0,156.0,True,0.0,0.0,True
10x10,1,RANDOM,204,164,156.0,156.0,True,0.0,0.0,True
10x10,2,FIFO,188,190,166.0,166.0,True,4.0,4.0,True
10x10,2,SPT,221,101,166.0,166.0,True,4.0,4.0,True
10x10,2,EDD,252,142,166.0,166.0,True,4.0,4.0,True
10x10,2,MWKR,183,171,166.0,166.0,True,4.0,4.0,True
10x10,2,CR,198,106,166.0,166.0,True,4.0,4.0,True
10x10,2,RANDOM,200,141,166.0,166.0,True,4.0,4.0,True
10x10,3,FIFO,212,216,180.0,180.0,True,0.0,0.0,True
10x10,3,SPT,202,45,180.0,180.0,True,0.0,0.0,True
10x10,3,EDD,279,111,180.0,180.0,True,0.0,0.0,True
10x10,3,MWKR,213,240,180.0,180.0,True,0.0,0.0,True
10x10,3,CR,200,123,180.0,180.0,True,0.0,0.0,True
10x10,3,RANDOM,203,103,180.0,180.0,True,0.0,0.0,True
10x10,4,FIFO,186,116,158.0,158.0,True,0.0,0.0,True
10x10,4,SPT,189,70,158.0,158.0,True,0.0,0.0,True
10x10,4,EDD,209,104,158.0,158.0,True,0.0,0.0,True
10x10,4,MWKR,179,178,158.0,158.0,True,0.0,0.0,True
10x10,4,CR,177,93,158.0,158.0,True,0.0,0.0,True
10x10,4,RANDOM,179,163,158.0,158.0,True,0.0,0.0,True
10x10,5,FIFO,219,171,176.0,176.0,True,13.0,13.0,True
10x10,5,SPT,222,94,176.0,176.0,True,13.0,13.0,True
10x10,5,EDD,243,65,176.0,176.0,True,13.0,13.0,True
10x10,5,MWKR,207,303,176.0,176.0,True,13.0,13.0,True
10x10,5,CR,258,158,176.0,176.0,True,13.0,13.0,True
10x10,5,RANDOM,223,274,176.0,176.0,True,13.0,13.0,True
10x10,6,FIFO,236,353,173.0,173.0,True,13.0,13.0,True
10x10,6,SPT,225,146,173.0,173.0,True,13.0,13.0,True
10x10,6,EDD,232,101,173.0,173.0,True,13.0,13.0,True
10x10,6,MWKR,216,378,173.0,173.0,True,13.0,13.0,True
10x10,6,CR,241,193,173.0,173.0,True,13.0,13.0,True
10x10,6,RANDOM,219,112,173.0,173.0,True,13.0,13.0,True
10x10,7,FIFO,207,117,172.0,172.0,True,19.0,19.0,True
10x10,7,SPT,209,89,172.0,172.0,True,19.0,19.0,True
10x10,7,EDD,213,80,172.0,172.0,True,19.0,19.0,True
10x10,7,MWKR,183,112,172.0,172.0,True,19.0,19.0,True
10x10,7,CR,203,93,172.0,172.0,True,19.0,19.0,True
10x10,7,RANDOM,199,129,172.0,172.0,True,19.0,19.0,True
10x10,8,FIFO,188,76,173.0,173.0,True,0.0,0.0,True
10x10,8,SPT,206,114,173.0,173.0,True,0.0,0.0,True
10x10,8,EDD,214,150,173.0,173.0,True,0.0,0.0,True
10x10,8,MWKR,204,225,173.0,173.0,True,0.0,0.0,True
10x10,8,CR,209,39,173.0,173.0,True,0.0,0.0,True
10x10,8,RANDOM,199,141,173.0,173.0,True,0.0,0.0,True
10x10,9,FIFO,184,145,169.0,169.0,True,92.0,0.0,False
10x10,9,SPT,218,134,169.0,169.0,True,92.0,0.0,False
10x10,9,EDD,218,162,169.0,169.0,True,92.0,0.0,False
10x10,9,MWKR,194,199,169.0,169.0,True,92.0,0.0,False
10x10,9,CR,209,146,169.0,169.0,True,92.0,0.0,False
10x10,9,RANDOM,231,312,169.0,169.0,True,92.0,0.0,False
10x10,10,FIFO,191,171,168.0,168.0,True,11.0,11.0,True
10x10,10,SPT,201,97,168.0,168.0,True,11.0,11.0,True
10x10,10,EDD,219,112,168.0,168.0,True,11.0,11.0,True
10x10,10,MWKR,182,198,168.0,168.0,True,11.0,11.0,True
10x10,10,CR,194,185,168.0,168.0,True,11.0,11.0,True
10x10,10,RANDOM,216,78,168.0,168.0,True,11.0,11.0,True
10x10,11,FIFO,198,82,169.0,169.0,True,7.0,7.0,True
10x10,11,SPT,214,65,169.0,169.0,True,7.0,7.0,True
10x10,11,EDD,216,142,169.0,169.0,True,7.0,7.0,True
10x10,11,MWKR,210,257,169.0,169.0,True,7.0,7.0,True
10x10,11,CR,216,188,169.0,169.0,True,7.0,7.0,True
10x10,11,RANDOM,202,132,169.0,169.0,True,7.0,7.0,True
10x10,12,FIFO,197,60,174.0,174.0,True,18.0,18.0,True
10x10,12,SPT,193,95,174.0,174.0,True,18.0,18.0,True
10x10,12,EDD,222,121,174.0,174.0,True,18.0,18.0,True
10x10,12,MWKR,219,256,174.0,174.0,True,18.0,18.0,True
10x10,12,CR,209,107,174.0,174.0,True,18.0,18.0,True
10x10,12,RANDOM,225,209,174.0,174.0,True,18.0,18.0,True
10x10,13,FIFO,226,173,181.0,181.0,True,0.0,0.0,True
10x10,13,SPT,234,41,181.0,181.0,True,0.0,0.0,True
10x10,13,EDD,245,59,181.0,181.0,True,0.0,0.0,True
10x10,13,MWKR,200,125,181.0,181.0,True,0.0,0.0,True
10x10,13,CR,220,100,181.0,181.0,True,0.0,0.0,True
10x10,13,RANDOM,218,152,181.0,181.0,True,0.0,0.0,True
10x10,14,FIFO,185,72,165.0,165.0,True,0.0,0.0,True
10x10,14,SPT,184,36,165.0,165.0,True,0.0,0.0,True
10x10,14,EDD,231,65,165.0,165.0,True,0.0,0.0,True
10x10,14,MWKR,207,156,165.0,165.0,True,0.0,0.0,True
10x10,14,CR,189,32,165.0,165.0,True,0.0,0.0,True
10x10,14,RANDOM,206,72,165.0,165.0,True,0.0,0.0,True
